{
    "id": 45,
    "cols": 3,
    "rows": 3,
    "cellW_px": 213.33333333333334,
    "cellH_px": 213.33333333333334
}