{
    "id": 69,
    "cols": 6,
    "rows": 3,
    "cellW_px": 106.66666666666667,
    "cellH_px": 213.33333333333334
}