{
    "id": 74,
    "cols": 7,
    "rows": 3,
    "cellW_px": 91.42857142857143,
    "cellH_px": 213.33333333333334
}