{
    "id": 98,
    "cols": 6,
    "rows": 6,
    "cellW_px": 85.33333333333333,
    "cellH_px": 85.33333333333333
}